ID,Emissions per kilogram,Emissions per 1000 kilocalories,Emissions per 100 grams of protein,Emissions per 100 grams of fat,Land use per kilogram,Land use per 1000 kilocalories,Land use per 100 grams of protein,Land use per 100 grams of fat,Eutrophication per kilogram,Eutrophication per 1000 kilocalories,Eutrophication per 100 grams of protein,Eutrophication per 100 grams of fat,Water scarcity per kilogram,Water scarcity per 1000 kilocalories,Water scarcity per 100 grams of protein,Water scarcity per 100 grams of fat,Water withdrawals per kilogram,Water withdrawals per 1000 kilocalories,Water withdrawals per 100 grams of protein,Water withdrawals per 100 grams of fat,biodiversity_kg,biodiversity_1000kcal,biodiversity_100gprotein,biodiversity_100gfat
1,0.488689869,0.31733796,0.878524612,2.424208527,0.811485184,0.601152373,1.577687462,3.065765692,1.633119747,1.156800925,3.089779888,6.86298105,1891.14853,1417.812822,3746.103485,7464.549375,49.40284164,37.87327715,98.98496816,181.8030389,19.94479042,15.57054609,39.86199506,62.66633095
2,0.387011308,0.067264785,0.207599353,0.079103233,7.683045154,1.296869855,3.608433288,1.495296742,18.72307474,3.165000479,8.754301324,3.651263041,402211.9608,67620.14276,182707.5853,77714.9703,6846.472597,1151.953867,3125.971106,1324.701109,252.7882214,42.62623473,117.2463866,49.10161409
3,0.65588754,2.222229998,13.59551197,4.057470177,1.370105856,2.675062597,12.68783933,4.600530281,4.148875594,9.317069497,44.23894452,17.66151433,99916.41729,282550.6446,1471678.894,431118.0472,1246.973783,2766.258122,13432.32433,4286.672872,50.40110767,99.76636741,477.1421387,190.7327969
4,0.60236786,0.105028627,0.328334988,0.119361434,8.230926806,1.423375774,4.261039937,1.610136388,18.59575452,3.211890056,9.537691498,3.639494089,372799.1011,64275.14955,188994.7179,72908.19608,6413.314597,1106.064215,3258.085733,1254.124113,261.718501,45.21303849,134.3999134,51.43859283
5,0.4583784,0.955183712,29.15221226,19.75497949,0.66062946,1.38283908,43.23215788,26.2467429,1.91165741,3.796368477,86.32121361,147.6147292,3286.829617,6754.678597,177760.0454,199118.2581,122.3183402,245.7238086,6160.521065,8566.814616,11.02117575,22.75203208,668.4270159,551.5743743
6,1.244973699,0.418181792,4.704171324,2.585492131,1.765164981,0.597374137,6.471803882,3.819800461,6.619579524,2.097776532,22.64555339,10.97371249,8193.821802,2607.806727,28306.31603,15291.30759,396.3874492,123.5093293,1332.983066,654.0484092,48.43732955,17.76429617,176.288395,88.50405327
7,0.507353897,0.898188014,13.44271588,25.59441045,0.668998597,1.205080562,18.66798953,36.38627733,1.205579639,2.048057606,32.20926994,59.33308323,2469.089299,4439.593463,68408.60792,133059.5343,90.3342268,157.4887956,2530.714498,4607.391166,10.90028201,18.70649912,294.4701015,553.1636424
8,1.38210509,0.761619668,24.97261476,56.58619962,1.368510217,0.769478997,24.38725169,60.94730043,11.44676674,6.730958338,200.2764775,501.5553436,24526.64769,14578.8389,412421.0198,1129828.699,851.0487646,492.2961269,14911.83267,38160.83119,46.48436817,26.15416503,828.8950118,2091.749372
9,0.925691817,2.791229225,3.853152284,16.70752128,1.401769469,3.909719057,5.424796888,20.96472443,4.001619922,11.00420818,15.78175191,72.94377005,25692.9286,81275.70124,108253.434,419040.9265,310.514263,966.8926715,1299.857704,5221.708745,22.55513905,65.94105636,90.99448131,327.6765827
10,0.921227094,1.853708448,4.984961745,11.06742757,1.24893129,2.513363103,6.758265298,15.00628467,2.671237739,5.37665131,14.45480736,32.10367856,32696.89352,65694.89864,176920.215,392048.9677,367.4142993,738.4760185,1988.075116,4407.497415,24.44910194,49.19141121,132.2989018,293.6837514
11,19.31420901,6.818607216,9.157924744,11.27388074,42.33222878,14.79284097,18.10612665,23.9110783,87.74693881,31.26854669,45.93934605,52.87930812,56859.5195,20370.42734,31351.37796,34730.6483,1649.71129,588.2346114,912.039724,991.945637,461.2278507,163.6028373,214.7038599,274.5376736
12,0.8028126,0.329389277,0.959624407,3.741236267,2.26294722,0.924206045,2.663544179,10.17308112,6.05480783,2.468772936,7.160006859,26.74733605,7919.100246,3253.02236,9362.186299,37483.71393,291.3505735,120.2265074,354.2237178,1423.321211,36.6227914,14.9061341,43.11985804,158.7425588
13,0.995644422,0.380404247,2.443278591,3.937858488,2.199087404,0.831552412,5.652323666,9.67092226,8.172196696,3.083167272,23.20957667,28.0983392,9360.781797,3635.078527,21363.78371,42659.39999,345.3077303,134.6756666,811.8424755,1419.146302,42.1027994,15.5451946,122.4420244,138.5760212
14,1.868787356,0.556649653,4.659929606,3.817582213,3.272556044,1.077904946,9.079800712,10.47580238,9.283215378,2.809070568,22.99371853,17.9130103,8368.774117,2299.587043,18276.5064,5774.520629,444.2256801,126.6203179,1010.131198,463.0899278,236.7782407,79.06006624,690.1695842,900.9782642
15,0.873349573,0.87580258,7.721868597,20.46922026,2.639823669,2.71787661,22.82122923,64.90734151,3.459988988,3.515259689,30.18939327,83.57419613,331.9107443,397.9174495,2751.259382,7773.015104,52.05077935,55.22902073,445.585869,1266.949988,239.5955918,245.0715737,2076.873688,5890.950806
16,1.373308013,0.800963431,0.886916053,10.30701386,17.06811141,8.869722831,10.42448203,130.7831784,10.76839403,7.608524294,7.686932909,77.5974162,0.69387411,0.638403308,0.582087698,4.8122457,0.083714935,0.077022461,0.070228062,0.580590677,392.3194453,164.8429947,218.0303543,3099.338565
17,53.97637076,21.90513425,28.80628572,32.71998331,135.3471165,54.56087395,71.22513153,83.27582524,553.3784039,228.5343311,303.9606713,325.6923945,74017.89145,30482.17694,40713.38596,43531.76768,3492.081142,1441.419751,1923.545976,2053.121733,1815.16885,740.7209449,978.0776561,1089.914331
18,17.36872479,10.61886593,22.80787442,17.35937381,35.40198318,21.61046731,46.4248238,35.17916262,252.9238549,154.3613245,331.647594,251.1074417,40380.56698,24767.85581,53135.79042,40984.16436,1800.898863,1103.520935,2364.176687,1822.59735,665.4424128,405.961415,872.1642886,659.9605166
19,70.78747415,31.33869128,35.62042805,52.66181155,214.9953975,94.46301214,106.4723966,157.2802366,355.4323282,165.3737778,191.2107078,295.4870056,51943.57775,23894.35873,28481.77178,42206.90463,2227.989244,1036.447784,1224.940645,1852.209549,1966.574378,880.4862124,1000.618884,1503.266339
20,95.03457227,47.3365981,53.11102612,80.58170719,295.2535443,147.1667813,162.9558672,250.1744272,428.6949992,213.1046418,259.0730866,368.2241143,56773.19692,28257.66141,34461.75685,48887.08368,2493.946114,1239.728804,1525.350283,2146.730533,2594.211771,1292.887447,1471.263993,2209.804096
21,2.290114275,1.510110894,5.581412401,8.82962553,4.0816445,2.610892945,9.421015673,15.73056189,14.94879325,8.609661914,32.88539277,46.36279947,12893.17695,9531.58765,30865.32419,68199.51454,363.200418,259.9858064,856.2588014,1821.184563,88.5674305,50.92895221,212.4218357,222.9918886
22,129.7477148,68.09595354,64.190391,146.1078699,427.331126,223.6901354,211.3812045,478.8037171,360.7287949,195.5239466,178.9638443,429.9004092,48932.71275,26479.39371,24263.67543,58382.97359,1954.352984,1066.173594,969.8117647,2360.480947,3312.25473,1745.609251,1639.813911,3754.217587
23,0.686283222,0.606471579,1.509245815,4.45561995,0.827887302,0.766328967,2.069713105,4.625173155,2.82115754,2.657605146,7.830409409,20.60988285,2643.640133,2433.325304,8044.444293,19911.11355,122.416368,117.1330748,352.0210259,942.6314249,20.2091909,21.09843533,53.76677436,94.50940789
24,2.658240643,8.46967727,17.31285741,70.77283564,4.093929839,12.63204255,26.9597546,108.9928938,8.856975535,19.53544408,55.95189853,250.4127139,292.2070192,1107.943327,1970.693694,7588.115919,11.21259709,38.91831006,77.4087373,293.0403108,29.68230054,117.4304143,197.5484477,752.628428
25,3.989250537,1.127221384,7.426507902,5.531022471,7.879322971,2.167078465,12.44565816,9.838744962,14.22180394,4.149789248,31.21594624,24.32589163,8143.742321,2464.747076,19577.01598,16270.98899,481.1757316,146.2495025,1245.070713,952.2273162,637.9417681,179.1620062,1026.161498,849.3543763
26,20.10575331,6.113388551,14.04681671,7.243053521,23.8921457,7.249884408,16.39538959,8.581762035,67.50139258,20.56697236,46.87663648,24.40417917,39276.25127,11967.24568,27258.69787,14189.09227,1895.349021,576.4326347,1307.558918,682.6627802,1346.025191,406.5634842,903.8613195,479.9539911
27,2.513051436,0.377120867,1.693013176,0.380641396,12.81053501,1.921096706,8.667032014,1.934231833,19.62164854,2.94120589,13.30777483,2.956852629,145555.7417,21763.59688,100169.4517,21685.65974,3270.798559,489.5081862,2239.101881,489.3536221,271.9281091,40.76012733,184.4616176,40.97307336
28,0.878760846,0.407062472,1.437228788,3.581392828,2.2412011,0.943430831,2.858783696,8.361917507,6.022548688,2.56355124,8.810068764,20.63159725,7726.016718,3292.223305,10956.2892,29734.78822,241.9135951,103.0847046,376.1614743,871.0520882,35.43349096,14.82718654,47.91371377,114.691256
29,1.493427276,0.420174126,1.762845684,8.781947927,2.895190375,0.823422226,3.193545668,15.18928393,9.509492902,2.674988416,11.12742067,52.67987598,12400.22195,3468.99938,14566.47431,71238.09758,502.1027319,139.3460338,611.3865303,2945.777397,42.64860487,12.01457436,46.61314149,186.9278405
30,19.13958143,5.702704381,10.60964906,6.686894435,22.45438837,6.681748455,12.4495953,7.827718033,64.2711032,19.13715837,35.61270189,22.43541228,36540.89868,10868.7675,20283.50398,12730.73537,1765.548573,525.0151142,979.1953352,614.8744024,1232.386677,366.3098842,683.4346119,428.6840096
31,0.897401521,2.690971954,3.026363569,20.26207576,1.003502265,3.074312467,3.371838616,22.21069864,5.100618483,14.90245752,17.28360881,117.9252309,15385.28632,49658.75533,51180.45347,322882.7575,224.9042009,704.7861237,752.4459542,4867.392997,10.56074257,34.03117778,35.15225818,222.0624285
32,3.324503183,1.165393144,47.81615088,1.414657421,3.619796747,1.250473726,53.34214154,1.500628278,10.51202006,3.650213006,153.5919917,4.416498843,6142.515252,2150.258941,89685.64584,2575.194391,271.5578884,96.55754974,3912.354948,116.9321554,167.982821,57.61039181,2466.825367,69.04693149
33,0.890284071,3.048956288,4.765884009,23.6596632,0.802702325,2.749644369,4.301834425,21.31872593,6.198975268,21.22937367,33.15408291,164.9800352,4601.95817,15761.8019,24582.03727,122417.5664,131.3118253,449.6066032,703.152771,3485.93913,3.360177574,11.50991461,17.96535012,89.28549779
34,2.079189343,1.4961306,6.448219923,1.890669604,2.751076023,2.007637199,8.636540231,2.53819831,7.29973604,5.229346042,22.08021589,6.612197366,10911.91153,8148.63236,35263.01858,10311.12991,305.7663358,222.9834822,953.0667008,281.7481277,88.85968911,65.02641074,283.1417167,82.20437056
35,16.28143046,5.171893306,10.08493147,6.731054294,19.04435738,5.992492099,11.66342251,7.744434961,55.35831802,17.4874487,34.02677315,22.67218438,31867.99088,10104.69954,19583.28671,13079.80076,1529.719842,483.9803147,941.7514327,625.2490265,1035.333704,322.423723,627.4041555,412.9648221
36,2.010722007,0.643883766,4.554509085,1.421485178,2.7843686,0.86070575,6.360088996,1.886942905,9.993259127,3.046731051,23.25671282,6.698021722,9749.652841,2857.974936,23070.8024,6252.271584,516.9922559,151.3920565,1234.984852,332.0195941,92.21142044,30.38602526,203.9414058,67.07570417
37,0.935163376,2.333618071,11.9995337,22.4629378,1.601823487,4.012169393,20.92524077,38.89494468,5.891146026,14.66759144,76.51851405,142.4493764,771.322774,2399.723837,3773.657933,11866.37211,14.92984817,42.84397551,102.8263571,265.5807469,2.833339492,7.536260171,31.63913435,63.5302351
38,2.087644251,0.373329114,1.196200727,0.624607448,11.72088162,2.052833161,6.789955119,2.730990573,19.29323346,3.38734574,11.31847908,4.72406331,163311.3154,28334.14108,102121.6117,34781.0258,3504.343642,610.5471307,2147.024718,781.4405155,259.7564814,45.23314663,152.2717201,56.30585088
39,0.891726245,2.595492477,3.564387657,20.87490338,0.788343706,2.279500718,3.131152531,18.52231648,5.936602212,17.27505362,23.424405,143.5453696,5347.111227,15631.52099,22094.30011,115391.388,136.93994,400.1072083,553.5520005,3136.755059,3.736590806,10.60832349,15.12599824,80.86212062
40,2.853384164,0.729472049,4.124268334,2.124840123,5.560588326,1.369484067,7.421705583,3.667010686,13.80581667,3.453281311,19.64689546,9.777549078,27611.28942,6389.844902,27637.9675,14292.05345,843.3729397,200.0664715,969.4123218,505.6793037,337.8495774,85.40177818,494.6737928,221.0748964
41,20.74904454,5.406193335,8.721144037,6.693239153,24.45103712,6.353025569,11.78391503,7.83001591,70.27357377,18.26215644,30.37783408,22.53218729,40220.71079,10459.21306,17879.87127,12913.81244,1939.913257,503.8425673,858.1629354,621.0021863,1337.911151,346.3850775,583.103022,425.3649025
42,2.369301844,0.699429479,5.227403366,1.173479848,2.5869832,0.764634522,5.731916878,1.28229739,10.01922703,2.968134302,22.3726662,4.973430943,9076.589122,2682.377038,20100.76988,4498.604666,460.784719,136.6615651,1032.948041,228.8950168,94.59679887,27.97768438,210.0505059,46.90788135
43,2.26636,12.17343035,31.03452822,81.39739821,0.930353077,4.845475021,12.59377632,32.92550498,6.075514615,32.54935458,83.07805735,218.2571889,7488.009862,29391.25172,92308.44478,232350.6373,318.5652815,1599.887344,4255.945676,11077.04487,7.743123077,34.39544035,99.15351991,254.5131948
44,1.2205535,0.341371551,0.625924872,0.458854699,3.4277066,0.958681057,1.757798256,1.288611504,5.994779433,1.676655022,3.074245863,2.253676479,7534.34843,2107.250696,3863.768426,2832.461816,210.9035453,58.98673879,108.1556643,79.28704712,104.987747,29.36358798,53.83987026,39.46907782
45,9.272323308,5.830486359,4.518433534,27.71628969,9.220958918,5.796038812,4.493710382,27.51873677,37.36047303,23.49228853,18.20580082,111.6232757,13741.15923,8604.895944,6694.626079,40700.25143,563.9170655,353.0153887,274.1710124,1657.567662,231.8659254,145.4313644,112.7709924,685.631367
46,5.434486846,2.329614782,3.661769617,4.582127948,6.0534075,2.560246277,4.219892702,5.090691294,22.52574303,9.611961764,15.36217799,18.97367192,9788.14259,4050.58259,7188.043341,8177.082841,379.1261941,157.4170966,276.8002661,316.1704631,146.268567,61.90498919,101.8164018,122.9324775
47,3.616545986,2.663485376,4.88686552,7.492870607,3.977668291,2.940073657,5.434151756,8.504432406,17.29154263,12.75564581,23.60227807,37.14049616,11147.17667,8064.663067,15602.01261,25467.809,436.1916329,316.9403103,609.8383282,1001.431524,94.06471329,69.8145867,128.0268508,200.3821679
48,2.383995705,1.950933525,5.473897768,11.4625122,3.312893034,2.801367827,7.717002754,15.84542301,11.32438315,9.547649046,26.32020375,60.10634012,11734.06571,10243.17621,28672.1568,77703.80856,413.2280334,352.2680358,1016.442239,2932.776545,73.53329072,57.72068607,171.7612572,301.6426979
49,2.946764557,1.900545719,4.192450587,6.753554523,3.57544512,2.306030864,5.19615986,8.19257081,12.3718626,7.95920014,17.70549622,28.23996821,10478.90228,6856.732822,16280.17478,25795.54429,309.9990519,202.5102641,466.6263903,755.2238778,86.28702792,55.86160978,123.5125077,187.0323268
50,8.164302486,4.020154659,5.400881151,6.917650303,8.330555241,4.074470408,5.523112878,6.976656284,34.34878474,16.71047203,22.78661244,28.60703865,11978.28066,5656.342492,7956.567821,9736.634987,483.1135861,233.9368951,318.7768597,407.7864726,202.4655134,99.70891219,134.010721,171.4751725
51,9.981881302,5.095226685,5.344500902,7.672648371,9.851753858,5.023467052,5.270619724,7.568748982,39.86821281,20.32707507,21.31994277,30.62936402,14026.46297,7180.760486,7525.072404,10792.51955,577.2318276,294.4683031,308.2576931,443.2593375,243.8842136,124.3694881,130.4889331,187.372242
52,9.58345622,4.65031069,5.105153328,6.969776841,9.506969857,4.613540502,5.063859961,6.938754984,39.01562611,18.93583153,20.7818723,28.53812899,15450.91957,7500.730316,8188.661956,11428.46387,631.8339507,306.8789593,335.4620744,470.1170308,235.5761084,114.3153112,125.6055428,171.6392636
53,1.344352867,0.594860302,0.963601032,5.13340978,15.56560806,5.913544399,9.259367582,46.30573139,9.684822133,4.90735839,7.93387591,49.4777335,9747.767149,5616.601469,8600.363964,89102.64078,161.3853583,98.91087092,161.7227665,1299.136592,391.9651222,134.0578799,205.8189529,906.0135353
54,13.54080492,7.844402601,17.68843429,13.00545849,28.30468467,16.39879144,36.97519188,27.18839328,189.0300262,109.5178853,246.933581,181.5786608,27501.47005,15930.91991,35924.09433,26413.17705,1255.103151,727.0945555,1639.516161,1205.521107,703.0622407,407.3187853,918.4240447,675.30561
55,5.083679002,1.217462751,10.34435341,4.413773875,13.56542222,3.012619447,18.13228034,8.399433967,16.1294814,3.586114085,33.29236454,9.938240668,8165.851644,1862.289189,18969.19121,5601.345875,524.2583563,117.4125659,1231.629746,325.6455998,1069.262621,227.082273,1739.37627,534.1322265
56,3.952117878,0.977520081,8.993387408,2.115364,10.33080759,2.65247521,17.3896164,6.99693743,13.71324612,3.387130734,31.06955838,7.385245109,8974.302038,2203.608228,20702.7718,4777.160976,523.0234054,128.1385057,1231.150973,274.9655046,772.9466611,193.355423,1616.483339,446.9759193
57,2.877625559,0.936335986,3.623837568,5.371016773,7.379762668,2.104914788,6.58000238,9.968182838,13.32370599,4.01291881,16.70443325,23.75274515,30695.3546,7256.624995,30207.71034,29627.56617,899.7228276,231.9216217,1017.110016,1257.484025,416.4275242,121.2899208,428.4619004,646.0971699
58,4.900423833,1.198627448,10.40950843,1.922301697,6.511175267,1.592634535,13.83079458,2.554225922,14.9477962,3.655598334,31.75944683,5.861787895,7357.200606,1801.143916,15608.34617,2891.017747,483.7444499,118.2444325,1028.54105,189.5163862,802.4572479,196.2051773,1705.49478,314.5531923
59,5.372300394,1.052630375,11.48452823,2.337577366,9.384214211,1.820383251,18.56399851,3.775646695,22.95709094,4.495631458,47.20886791,9.535229766,42638.17255,7685.783608,45000.686,11074.89228,1215.291286,228.0066184,1837.02197,417.6906634,970.6083328,190.7595255,2058.127263,424.6852078
60,1.081632867,1.94117612,22.14487561,45.29874609,0.905292667,1.78464406,22.13632776,42.77143395,3.187056357,5.172408555,94.37155181,174.5841773,12617.80388,31025.67711,147436.8107,362155.0632,242.7138398,462.3508771,6203.680308,11852.77912,18.94044486,35.71638723,488.2216027,943.5837428
61,3.319989782,12.84869179,257.2938574,28.26873119,0.545269026,2.216620935,32.73874939,4.415864478,2.115640842,7.970788189,115.7616883,16.20945461,14423.40928,55484.54149,1075035.075,120974.3417,217.2263567,820.3220676,13835.70949,1734.287751,11.46437233,46.26581871,676.6070557,92.11031989
62,0.528741281,0.339006522,9.82196584,4.106947044,0.734497095,0.427187443,14.17549554,4.570064819,6.505340824,4.596931732,112.0562378,61.34566171,6763.57606,4759.137627,118453.5281,62971.21501,345.9897605,252.4477046,5913.523194,3461.558886,17.98896106,12.0540852,320.4104227,152.7034399
63,10.90410931,8.560718955,7.087446235,74.48578126,5.267857301,3.974725368,3.518976462,32.13908424,52.70093529,40.97479225,34.43376082,353.2227755,32541.33184,25406.2938,21238.9684,217929.3242,3177.812494,2504.31332,2064.675263,21836.04964,119.7256547,89.17627283,80.30893422,705.8262797
64,9.313181566,4.701090097,6.949602785,11.20545277,5.416457632,2.706016448,4.075832812,6.432550815,45.61889507,22.98457214,34.12109429,54.74272125,27708.4041,14000.19936,20642.02215,33386.03567,2659.09603,1348.08125,1976.748208,3213.538304,116.3097758,58.35477907,87.65862785,137.1463649
65,7.815675108,5.021886332,6.54161222,12.26760546,3.808557858,2.383747888,3.272294071,5.796481514,37.39283122,24.10185243,31.21588685,59.03519189,25225.57568,16087.20614,21364.77875,39339.05295,2213.398279,1426.02753,1850.471498,3473.968562,84.70076411,52.85271071,72.77036346,128.00521
66,16.82460829,147.1265352,80.78679567,484.2410625,19.39196396,96.06652643,55.55277096,326.3770235,65.44088258,559.6079771,307.7121722,1843.931771,229.0985863,2081.110221,1139.801141,6838.625176,16.21342554,147.2371215,80.6414915,483.8357667,2401.335787,19686.62609,10861.38197,64967.34603
67,20.29976356,167.0775394,153.4646904,537.9404928,13.77138238,106.9745093,104.6217614,343.6537742,76.79124793,633.5112765,589.0026386,2038.589697,2873.808758,7639.36266,41818.10664,18631.08728,199.5493015,562.8196734,3229.996394,1402.138023,2637.352786,22158.03726,19230.15228,71625.99548
68,3.357277781,0.769862303,7.480966465,2.258581503,7.184113677,1.625386211,12.93105991,4.648645641,14.74036539,3.479943912,34.1025829,11.71888815,14563.95283,3495.314721,33832.64263,12384.82431,765.9077676,181.2107161,1843.97881,613.4680987,461.1558756,104.0044043,917.409799,285.0028404
69,25.27850314,29.34696829,22.33756608,244.4779727,29.91505999,34.69433735,26.41003615,288.2894793,85.78630902,99.68763026,76.01481522,830.1219129,49595.30733,57659.88218,43951.5982,479632.1464,2418.437821,2811.564825,2145.792647,23317.38195,1657.886035,1919.381579,1461.011886,15800.25345
70,11.85127129,9.55054203,21.97775651,19.0205578,24.5641928,19.82043562,45.58255357,39.52573691,173.7045951,140.2596256,322.4530066,279.9424311,22821.1221,18390.39429,42320.73121,36625.05295,1100.153173,887.0038863,2040.703131,1767.387778,465.9859288,375.6857541,864.348992,748.4584246
71,0.846479423,3.254014948,4.499812872,16.35452735,1.267479817,4.761213353,6.560221394,24.1043607,2.94270116,11.23674884,15.35989558,56.85042793,27733.45808,107680.2146,149397.2845,538835.6257,322.9623509,1243.231058,1723.210049,6239.23272,22.65090308,86.52188298,119.6112783,435.1218649
72,1.157978775,0.85287951,2.243638168,11.95085009,2.951479593,2.083871621,5.475134336,33.27961001,6.14769742,4.333451553,11.44568817,67.26504774,13862.81121,13338.66005,31802.68031,161541.7429,333.853931,265.0719889,668.238971,3664.237081,38.03701345,27.05720801,72.4497743,387.7207352
73,3.703236627,7.133506582,10.88378839,17.6118152,4.068141259,7.767865521,14.56237215,18.65942915,11.4706468,22.07696753,34.45938211,54.35419241,6564.578481,12606.91929,20734.32727,30834.42205,309.7745959,594.8726408,973.6460774,1455.633867,181.5182861,348.5832391,577.8170135,851.9850324
74,2.448466292,0.59148399,2.917729657,4.349617875,4.458004853,1.061049882,5.088896698,7.17091952,13.99963525,3.427779975,16.54131005,26.76407811,18728.16823,4727.206053,21897.10812,43323.16054,787.9183487,197.6647324,959.9751304,1768.102759,132.8588897,30.2554756,172.8820098,142.1141847
75,3.031724448,0.815200281,4.163390665,4.210433824,7.525948306,1.967857197,9.331719899,8.975822792,32.28633896,8.818890106,40.10399362,38.18179654,11529.82912,3237.490825,17031.71254,30059.49499,420.9506299,117.6654,647.8891269,982.4861851,192.3638708,48.3730493,266.597254,185.6132947
76,1.68222778,0.398428185,3.573768845,0.703665126,3.670050556,0.879528203,6.835679782,1.61685051,9.591091511,2.306043182,17.96864496,4.181861455,9674.860214,2291.711032,15889.08379,4145.997393,366.3367338,87.60123854,631.9371434,159.5634624,112.7507456,27.07862453,224.1796516,49.61344163
77,0.847113736,4.11556502,7.338881911,22.65742083,1.080248659,5.391893952,9.537908528,29.53106349,2.508988135,12.10229594,21.63109016,66.75659313,27682.78066,137648.2833,243094.2556,752357.2844,318.7814113,1572.430933,2784.757076,8614.223014,20.76543995,104.5737196,184.2358071,571.8348278
78,1.976174015,0.51550377,9.889428967,0.674041376,4.213885965,0.974645301,18.55447567,1.236790165,11.73218946,2.99892492,113.1702051,3.801809809,68787.90944,12868.93862,163563.9847,15561.7832,1416.949845,286.2425817,6423.274306,349.3937019,164.1807795,38.89365355,409.9750103,50.36907193
79,2.451196543,1.350376732,17.79560629,4.280215074,3.487246817,1.96364362,25.49288766,6.441597094,8.90424858,5.480431913,70.96918282,19.00563045,8127.093552,5346.89707,79176.83276,16160.36212,407.8971621,266.9782157,3608.633828,940.9247302,449.3839191,232.8769055,3057.723294,712.4412524
80,20.62003664,3.691517841,26.65550273,4.471022851,48.78823265,9.642099515,53.5611137,18.08040724,41.64075582,7.535930959,53.07872833,9.693363663,3196.479186,583.9581696,4121.858477,777.1320454,301.4868316,54.86074972,393.4210394,71.3464822,5400.69073,987.8024029,6756.460584,1344.541109
81,2.199664934,0.585188393,3.886347269,1.931705562,3.038467879,0.806933863,5.39246287,2.829495409,7.435008776,2.000943848,13.13772115,7.844453699,6221.497016,1731.496895,11136.15592,8449.158469,252.7556171,70.15148036,452.1763295,359.2150646,262.6030284,66.95610952,465.2410034,144.6589565
82,1.381511528,0.885474539,2.901054023,11.83702424,2.999048403,1.98231059,5.939931866,29.7399041,8.334858384,6.064219686,17.75836443,80.80616699,9421.295976,6476.63023,19979.41778,109089.0047,273.1195898,199.9619924,620.2662391,3254.901473,63.5732869,36.24774391,114.7042304,420.5304554
83,4.43660007,2.765086332,3.14394473,3.959905133,6.824728515,4.365401505,5.072666451,6.29357567,19.98266117,12.87889718,14.83677186,18.53576512,29742.15876,20686.4947,22735.9589,29928.51349,830.0307519,560.04027,621.6855904,807.9552647,126.61351,61.54267073,76.66503216,86.23148197
84,1.098106175,0.512893851,1.379781423,1.045350597,6.567524488,3.144614484,8.339008051,6.107914223,12.3115761,5.520099231,15.61601041,10.74052777,4303.701929,1954.270733,5245.226166,4998.091539,81.75136895,37.01925887,104.1706691,98.68659288,73.00103036,31.91955451,92.31955841,61.67477252
85,14.83860917,5.042113494,8.418577642,5.984398445,17.47212081,5.934871859,9.907001912,7.044678821,50.18991672,17.05897148,28.47571279,20.2496345,28194.19297,9585.429694,16011.34055,11372.03438,1366.755042,464.6269777,776.0994024,551.1968146,960.359611,325.9060414,543.8299293,386.9235632
86,1.947682613,0.444216938,3.723422701,0.938199551,3.994266948,0.909273698,7.593092383,1.915274786,11.80042552,2.697872069,22.55267195,5.763323687,8508.627859,1956.680372,18199.09665,4159.80214,473.4238545,108.5144296,907.5641403,234.1226312,119.8220905,27.20909572,211.8534011,57.90651296
87,0.753471847,0.531024299,3.822119332,3.244333341,2.105976591,1.455529838,10.76210156,8.036323324,9.521578126,6.518773198,48.44670764,32.32319787,1796.460684,1324.64383,8958.983057,17743.35463,49.58995175,35.11073396,243.2527406,291.4087872,41.41088322,27.48389351,215.9144273,96.03899374
88,0.517519759,0.644653518,2.30399993,18.45343085,1.102436288,1.374312353,4.888810137,39.5380037,4.566649653,5.679237322,20.60633941,159.8181115,874.7261677,1096.343878,3717.75992,33152.53775,15.15733657,18.97005318,65.26980542,565.3516524,10.49755586,13.18904511,44.52485994,400.2258108
89,0.826642709,0.871356152,4.20459448,2.959888429,1.250121709,1.316020981,6.369410455,4.49561589,4.916698245,5.168654478,25.05391133,17.69861771,1349.041835,1422.699091,6848.168501,4827.019419,45.34868112,47.95902425,229.7703321,161.2459313,23.68078271,25.09991175,120.3208924,84.4372307
90,0.771174693,0.300217651,1.891946578,0.618078666,2.103162207,0.802710668,5.195846771,1.650925293,8.195520647,3.127972429,20.37175622,6.428285709,3483.442973,1352.904872,8492.24088,2784.910626,87.99821925,34.10147405,214.5605461,70.2235435,49.43879235,18.7456819,122.2843965,38.65858916
91,0.66477544,0.480019771,3.096824045,4.353587408,1.68886116,1.216300876,7.897628582,9.015119755,7.282360853,5.258853018,34.1046146,40.28911222,1512.009057,1102.612054,6853.923425,14102.79176,34.65756647,25.38850527,156.624727,361.7494918,29.5661677,20.8419061,137.7992438,97.05883641
92,1.203417144,0.945587258,5.078765939,3.75461067,2.443412732,1.920678637,10.18415899,7.851872116,13.3323762,10.26416379,53.7657661,40.22536534,2611.289486,2084.067821,11198.88745,7981.454755,100.7202905,80.02046113,424.9513365,291.4983131,41.15115407,32.0660531,167.0397501,119.4939404
93,0.409884818,0.281672632,2.641978889,0.694194185,1.967661624,1.362967283,12.57939111,3.335497277,6.744577435,4.634670506,43.49534181,11.42355191,8263.908129,5810.035525,51987.17661,14027.79621,110.320781,76.66988952,702.5888172,187.0004643,43.03291074,29.62461998,277.1062497,72.89582031
94,3.452116066,0.967689303,9.638522065,4.117100696,2.203406452,0.607072759,5.857200929,2.352764128,9.602413343,2.656818045,26.06891055,10.57471167,14778.85392,4133.984019,41081.11541,17513.38719,551.0160841,153.3360924,1526.664782,627.3928626,55.91744852,15.45312721,151.5082183,60.94126503
95,1.648914744,3.102362731,44.7838574,31.11523074,1.294264705,2.500552718,43.13296707,24.27634893,3.671433589,7.01649742,112.9503117,69.8090764,5162.963916,10190.80367,146464.9038,76913.20106,172.4328866,335.8316518,5255.192624,2997.189185,54.55111891,101.7994352,1766.299876,1138.44518
96,1.003836731,0.912950794,1.216551188,13.52496443,6.608474619,6.020375874,8.021190382,89.05312372,12.42587218,11.2945059,15.06271045,167.4319208,24784.79112,23240.09116,30717.00091,334628.0205,346.7919446,324.4357529,429.0326857,4681.323187,68.08511981,62.4225985,83.06708072,917.9642707
97,19.31207302,6.220250782,12.54814927,7.478561082,22.61793604,7.295756348,14.44583058,8.773460182,65.8733455,21.20251741,42.20303681,25.48880458,37119.24237,12006.63984,23946.19567,14440.06723,1782.233828,576.2090758,1141.872889,693.212628,1224.453591,395.815873,767.633845,476.1990857
98,1.781192616,0.429799817,1.763902622,1.114546433,5.141597699,1.219469438,4.955485662,3.130966621,15.09353288,3.581678347,14.71099645,8.925361692,18338.6454,4170.031732,16131.67546,9754.445413,499.2759125,115.1066973,457.4549498,285.486829,164.6561395,38.53546155,162.1650964,90.28855182
99,8.278876373,12.67141878,116.820455,203.7244487,1.536532489,2.349844834,21.63915608,37.78550728,4.925588681,7.535173043,69.40206697,121.1419536,3122.224457,4768.02643,43677.4664,76561.14789,46.5482616,70.98891655,649.6692878,1140.725282,26.04113162,39.82152961,365.5671377,639.3484845
100,4.898891067,3.349294528,9.090842949,5.604170922,3.738225867,2.556087512,6.936962297,4.277272115,21.3072113,14.56691941,39.53925525,24.37370761,17220.1364,11773.49848,31954.76814,19700.51646,1172.09625,801.5191455,2175.041939,1341.304522,141.4414557,96.70846105,262.4762817,161.820848
101,16.17245239,5.28251881,7.035951016,7.141841298,19.10111077,6.247765319,8.302601265,8.456865262,54.05539591,17.64010763,23.53247459,23.83007111,31598.03433,10294.40377,13766.52215,13889.48288,1534.217402,500.8115093,667.6339985,676.8141354,1062.129542,348.3573733,460.7838211,472.6813971
102,3.661809454,1.94199123,16.98442286,10.1562669,5.287275176,2.584062276,20.84832516,11.36673948,12.5508101,6.719830293,66.77379686,40.72172704,7961.440015,4415.671765,47409.52818,34997.48012,463.3415495,257.1539059,3052.991407,2036.197125,418.6183031,197.5358146,1565.010663,715.1677253
103,1.314392937,1.070699905,23.56016653,20.9094946,1.941343988,1.351663548,29.53276682,25.65488798,8.102486425,6.995741635,118.5318894,148.7542895,20251.38431,9238.561913,118488.0477,182121.0794,653.0928728,446.3259444,6880.685597,9475.914859,77.5513959,59.7877387,2263.662963,1097.42202
104,28.78364132,302.6357415,370.5497375,879.8564486,18.36817994,192.1227714,235.1507198,558.4621951,109.1957243,1147.278645,1404.724178,3334.276066,582.5312058,4430.106657,5944.981237,13212.37847,43.0810012,313.7596878,434.9003452,939.8734581,3834.515463,40393.20746,49452.59373,117426.3112
105,0.903419173,2.641802627,3.153993046,14.83247387,0.810392049,2.369911049,2.828244417,13.28711857,6.32973041,18.5092786,22.10004742,103.9568774,4714.708586,13786.07728,16464.9838,77501.43016,133.3457063,389.9104339,465.6780065,2191.971145,3.422205092,10.00708905,11.94879829,56.21007312
106,1.613706661,2.795142279,13.80525203,32.54210664,1.065269089,1.896266652,9.639250748,21.73620012,13.20244894,23.68256909,121.3389259,270.2965397,13204.74503,23704.80721,121622.5771,270490.8696,726.6945576,1306.568138,6708.732128,14891.90132,33.85820303,60.57080271,309.4875539,692.3690616
107,30.74094726,15.18248319,16.6285286,23.44281501,43.42211826,21.44498473,23.48803093,33.11252388,23.40692831,11.55878896,12.65715818,17.86374772,1019.947264,502.1467547,548.494595,788.2879289,88.01058658,43.37236466,47.29947214,68.15820342,555.2700657,274.2285374,300.3488795,423.4655594
108,11.22625366,7.164108985,14.45710646,13.36726325,15.96092374,10.20166664,20.6131936,19.04650953,10.63952473,7.147407871,14.79358573,13.77967313,2636.497491,1999.431691,4419.814511,3921.336419,94.12394148,69.34108528,151.4528671,137.0621528,203.026969,129.5149536,261.4845332,241.2627014
109,26.9282887,10.81535072,15.77341973,14.47875349,38.09737295,15.30250002,22.31693361,20.4932018,21.02919382,8.453370536,12.30729508,11.36882571,2310.035003,950.6742842,1340.133625,1425.44507,106.4520234,43.2911286,62.2400939,61.43770857,486.8048263,195.5275055,285.1595055,261.8124963
110,30.87731,11.95055183,18.29224526,14.30167207,43.66,16.89788045,25.86492891,20.22232515,23.50435,9.096969683,13.92437796,10.88668365,995.28,385.2066526,589.6208531,460.9911996,86.27,33.38937578,51.10781991,39.95831403,558.23,216.0536831,330.7049763,258.5595183
111,30.90199294,11.82816768,17.18850101,14.53544545,43.66,16.71124946,24.28465121,20.53613194,23.50492941,8.996722414,13.07396128,11.05589945,995.28,380.9521842,553.5966023,468.144787,86.27,33.02060217,47.98526935,40.57838073,558.23,213.6674481,310.4997903,262.5718034
112,10.1925647,7.817066965,13.6442697,13.07589061,16.24347882,12.45899311,21.74506734,20.83863303,13.0496581,10.00383494,17.46625536,16.74072015,3309.179874,2533.284403,4427.043466,4244.725292,151.8160565,116.1303075,203.0472659,194.7322967,213.7378451,163.9363605,286.1275628,274.2021995
113,7.25916164,5.772825612,14.27982813,9.28321774,9.82535584,7.813575045,19.32791481,12.56493925,12.5042918,9.943957431,24.59773648,15.9907904,8521.204514,6776.176363,16762.22437,10896.82203,286.8188972,228.0946049,564.2146216,366.7942479,217.6048232,173.0559816,428.066499,278.287307
114,1.96138175,0.725114375,3.045457287,16.63517337,3.551825222,1.354109324,4.639506422,27.21334921,12.7502676,4.635801577,19.29239343,105.9783706,21190.65647,7907.976591,33544.9081,182152.8114,834.8795132,300.3090327,1338.549569,7162.052011,40.99650085,15.28253105,50.81589848,299.9612884
115,0.47015286,1.101691451,4.813572468,18.5992749,0.611375146,1.480950075,6.255151292,24.00735099,1.616900289,3.819969095,16.55161583,63.87058807,9155.021509,20826.5843,93788.02793,364630.4955,123.2619118,288.4487444,1262.032633,4879.305157,16.44033714,38.10621381,168.3590602,652.1486516
116,2.536520219,1.963402322,2.03874469,20.29743959,27.47486058,20.53519064,20.90005703,218.4920309,27.72644896,21.97192919,22.08635628,220.9226095,746.9618569,759.5562092,1354.523499,7673.764975,14.31452548,15.85707959,29.50798653,162.1634037,472.2841692,333.1092821,348.6480998,3742.867364
117,4.926023126,25.32429907,39.94962643,64.42395284,6.781334481,34.68156014,54.33093587,87.01894852,5.119083672,26.9796796,43.65242671,80.82207783,23105.83561,130338.0623,224704.0376,534406.4302,294.9870221,1672.012855,2909.537595,6672.86973,92.3008743,474.6573885,747.8814565,1242.563562
118,0.463007857,1.420994369,5.020168519,18.86154859,0.626187143,1.9984803,6.82054427,25.44210532,1.617216429,4.969756283,17.53730073,65.87492219,8802.706198,26083.54497,95065.26207,359408.9904,121.7007714,373.2334354,1319.431681,4957.961197,16.22144929,49.17095467,175.6324319,661.3481462
119,16.84931313,5.245218566,9.361865738,7.742616436,20.68693512,6.5974635,12.13291245,10.10266792,57.79138925,18.25696937,33.1903756,27.56436767,36337.25553,12125.63532,23485.96148,19784.67329,1668.207223,531.0754697,974.5115555,811.2202842,1109.70117,343.4267809,608.3381645,502.3356202
120,13.60638447,6.250301216,7.133691285,11.2903809,5.801549458,2.617000963,3.05494812,4.667267295,63.7540337,29.30005834,33.41911126,52.85094306,39541.63116,18146.04537,20727.67044,32717.90498,3961.723529,1807.218851,2071.117509,3247.065519,132.6040737,59.39996781,70.79479225,105.4368272
121,1.548921275,0.763164232,50.15882069,75.68263557,1.73009918,0.757671555,54.9826527,83.31498416,13.64686361,5.582646854,464.908148,674.5926453,13067.23377,5914.371933,395769.9268,627231.6538,917.867517,369.1343383,30785.65611,44429.91694,54.20589413,23.20189602,1810.320541,2691.38429
122,7.400659903,2.368093397,4.607044534,4.369108704,8.356963705,2.657870496,5.448153165,5.125696856,33.68068274,10.48013685,22.01719271,20.01280421,29485.7314,9130.116459,18846.02399,17319.39244,883.3655338,277.3414093,566.1194828,529.8767945,240.1118062,78.22419062,153.2303673,150.0950125
123,1.018329472,0.54485943,1.550393421,1.226841337,3.797216136,2.052367163,4.944732239,4.589026579,9.03699948,4.912258509,14.46763738,10.75343331,9440.000487,4903.466129,14459.13756,11803.17839,211.8102619,111.097498,371.2782834,261.1729614,53.62285884,28.94783723,82.70222897,61.91705086
124,0.877037624,0.754543499,0.66674761,13.74811511,5.802559076,4.743768776,3.528963759,105.718577,9.005541724,7.39557917,6.122436928,154.3097828,7431.131522,6644.147572,6006.541073,31773.71924,107.6329106,97.25590288,119.2684916,580.4620263,55.52037977,45.07372579,37.55061347,875.8404432
125,0.86184673,0.543400973,0.787870052,2.003918835,1.958144796,1.12204577,1.738077822,3.830406247,4.044626574,2.373373313,3.616786106,8.250103216,18010.2802,11789.29814,16578.998,46375.91605,251.344926,162.5080798,230.9130027,624.7303299,28.55171801,17.23741313,25.75561528,61.3236063
126,0.962557671,0.698614918,1.151290948,1.916706833,3.720544686,2.508641337,3.580081582,7.047265468,7.423425129,4.996341365,7.933917242,13.5893367,10216.00447,7828.033282,13679.70658,21217.44678,173.4083565,131.1946568,234.7073572,351.1384991,46.31943778,30.570113,50.29111703,81.62280584
127,1.056535974,2.572413228,14.7714069,31.12462426,0.987464336,2.332208352,13.47292423,26.55870847,11.07363857,24.86801214,145.1372035,250.1594189,11885.66284,27030.27374,157280.7428,282750.5351,619.1902868,1388.897374,8104.103054,13913.52191,31.00369706,71.81641051,416.5352501,782.1780227
128,10.80027482,2.210999092,15.10768416,4.808329107,17.27387392,3.564059642,22.83401228,8.021104093,26.79452401,5.520428222,38.9322721,12.40420076,8151.760939,1694.312851,13645.56268,3584.862117,551.8474532,112.3776643,965.974264,259.1107718,2196.006859,439.2200323,3060.360251,936.1418729
129,0.9209,3.526904263,5.493118449,29.39458694,1.160973333,3.989306182,6.710040299,30.87434773,2.439141667,8.186546477,14.00576286,62.23033455,28975.09783,92398.75175,164094.4319,673619.0714,343.0868683,1193.920325,1989.994458,9327.00627,22.22572167,73.20628736,126.9676382,548.2389474
130,16.23319996,6.764519897,8.797818811,9.417881784,19.06128554,7.936335217,10.34143457,11.0164214,55.03168966,22.89996676,29.81944417,31.83785235,31345.40733,12995.01283,16930.57243,18051.25414,1507.351659,625.5654673,814.9631158,868.4724509,1041.660237,433.7331245,565.8816288,599.349682
131,2.271910571,0.71121109,2.352359499,3.32169241,3.953067796,1.157961507,3.755309936,5.176218838,10.50515597,3.073429909,10.23316594,13.01313293,13749.66728,3894.93962,13293.13484,17936.74077,343.1821638,99.59251918,345.6531307,437.5191883,80.95656631,25.89121084,80.5527848,101.437223
132,2.583630956,1.22035625,7.732066243,10.0041688,3.076159288,1.021994654,7.049428205,6.084001022,9.157215342,3.082314288,22.04262603,18.38159308,7872.708163,2722.52877,19242.62894,18304.24842,412.9297208,130.5609055,1020.822286,747.4115851,240.7573186,68.56127545,547.9490036,292.451659
133,2.352916674,7.880979359,8.303933089,32.11434364,2.87234171,12.97624602,13.76134825,39.96801375,13.40149535,45.91840773,46.01545329,169.0301792,87304.04857,389086.0138,407961.6231,1181752.827,1459.08388,6402.381154,6553.659183,18806.71122,70.15158598,317.3872538,330.7188353,943.3187999
134,1.01323422,0.369497209,1.288043718,1.635335451,2.29280569,0.833897501,2.898409938,3.629864239,5.372518245,1.954436526,6.791513092,8.526551476,8656.553854,3153.49371,10960.24181,13796.94682,282.8976035,103.0759445,357.2791373,451.283683,39.71955272,14.40552068,50.02980479,62.24534115
135,0.716130957,0.495529479,2.24664458,0.820028295,2.004030043,1.385892458,6.289354548,2.291662178,5.724987371,3.962905026,17.95193643,6.561802154,48441.68059,33568.72021,151703.2266,55676.06594,885.1011361,613.4534486,2771.448997,1017.666688,51.33877727,35.55678968,160.8647716,58.92803729
136,0.453280591,1.051134977,6.718169178,4.098737698,0.52687415,1.221708858,7.813359307,4.767600182,1.434920307,3.327380756,21.22532218,12.96006836,811.5056177,1879.439988,12115.75938,7349.413523,14.49194538,33.57493751,216.3750559,131.4048968,19.6350007,45.52105572,292.0527201,177.9147452
137,5.184628231,0.591958972,,0.523291731,21.70795804,2.478318232,,2.190833317,34.26383608,3.911944137,,3.458158617,109146.2892,12472.33846,,11025.5472,1411.242443,161.2545947,,142.5490617,914.0960456,104.3594815,,92.25378166
138,0.362860348,1.014035449,3.192864526,12.70215825,0.395357264,1.089142689,3.225629292,13.3882546,1.537679252,4.244208345,15.15951231,54.39428867,315.7615157,720.8190045,2665.889586,9137.726631,53.86059318,151.4197297,387.901365,1839.666858,1.804117525,4.180160507,17.41779393,54.12858287
139,0.488848406,1.198712519,9.279817283,22.95158039,0.705296703,1.706871293,12.98456452,31.97845323,2.183811614,5.397723495,42.73178401,123.2983965,6888.851487,17199.59618,120000.9135,325885.1626,142.6926415,356.517776,2749.6408,8520.917732,19.39941782,45.67361254,390.5904679,983.7381612
140,0.46654954,1.076517295,4.971438554,21.6099503,0.666498374,1.4867874,6.945258658,31.58467129,1.596983026,3.562758209,16.65282268,75.56256497,7715.904774,16980.45695,79752.15064,367667.9183,115.5364951,255.6253965,1198.702579,5489.831568,15.30332325,34.10080417,159.3536411,723.3853713
141,2.809512226,0.734478795,3.967570894,1.457603934,4.828993311,1.276534302,6.628470112,2.547671583,9.584183134,2.4902699,13.40079127,4.932603895,7522.756968,1991.57286,10576.76259,4010.912168,307.2127897,80.65527777,427.8833531,161.8630089,374.3190984,94.27305504,507.8552627,182.6401913
142,1.547808888,0.61483208,2.767286055,2.16884922,2.441447487,0.975969286,4.298289008,3.466630824,7.826620463,3.154515664,13.92454944,11.69600307,8778.749784,3450.685183,15390.07538,12671.30398,340.5593576,134.4037358,605.3745641,519.293646,63.15031434,25.40145438,112.7066828,87.10175993
143,24.01647983,6.369094704,8.438339332,8.307382007,28.24949643,7.495260171,9.939259229,9.773974573,80.51443178,21.35456695,28.29048335,27.85341101,46478.71716,12318.25674,16289.33724,16071.37467,2253.211409,597.4380326,790.9497199,779.3106279,1557.486856,413.4863779,549.0431111,539.0062075
144,0.989606512,1.511442401,5.535159746,12.56347032,1.809350044,2.773889852,10.04660227,22.4733256,6.19997304,9.418264377,34.62945014,79.9262032,1110.51618,3029.873056,3144.105448,22030.17257,12.65397785,34.21129224,36.78784559,248.1068709,4.462127484,6.702014958,27.16019959,46.44843022
145,1.025582767,0.286939159,0.843945891,6.052061241,3.503324767,0.980162354,2.884287359,20.65315855,6.038768867,1.689539181,4.968022839,35.65309176,12889.32993,3606.231836,10591.78416,76271.84187,333.5653423,93.32629474,274.1249018,1973.593827,37.21827287,10.41291396,30.65760309,219.1875889
146,3.434960202,0.578049856,1.556982253,0.703224684,8.694059592,1.458490942,3.63099795,1.758792746,14.59059597,2.462874893,6.727363083,3.083749523,97613.03119,16307.88495,39064.96472,19500.74588,2618.918845,438.9951648,1063.841617,531.4401682,106.4758661,17.85968418,52.96345061,21.67204257
147,3.146226852,0.569190691,2.523011143,12.19390152,8.310863474,1.454221604,4.567801836,13.26324371,16.73209991,3.123875901,17.27215802,98.6092505,74295.36079,12925.98211,38849.05588,104917.4635,2169.654855,389.0636401,1602.924189,7214.50982,108.0208227,19.42903296,79.96581917,353.3761181
148,0.925555374,1.661147239,18.62010809,45.49180451,1.013462954,1.819021414,20.41201219,49.75755325,13.82637813,24.8377286,277.4702207,681.331778,14139.93986,25411.51351,284005.272,696682.5718,783.3454527,1406.393071,15701.35265,38522.36035,34.3300815,61.65085284,689.5572904,1689.30358
149,2.515941621,0.421710441,3.066344481,0.588372255,11.73003149,1.835971573,11.80251899,1.991004867,19.34034916,3.211035576,21.03785117,4.062280062,132414.0734,22488.88826,115149.4133,24976.04184,3046.975299,506.6522231,2828.033269,569.5436429,253.497972,40.54734661,254.2156981,45.49755268
150,1.62510675,0.611201074,2.206148591,10.17266052,3.735736103,1.523220798,4.121784286,28.33959591,11.13643719,4.275668662,14.85963211,71.86531966,16664.93856,6185.897027,23487.01629,100824.4619,614.1643333,228.5261383,927.5165601,3484.638176,43.41923309,18.17335974,47.61745882,333.4660111
151,0.918662143,2.722288536,5.934465302,19.80768723,1.239945,3.675391346,8.015157848,26.75242755,2.674729286,7.925275591,17.27240006,57.65081262,32159.96136,95310.72885,207922.9514,693990.0764,362.9267493,1075.5012,2345.64918,7829.146505,24.04369571,71.30008001,155.5972747,519.3394034
152,0.932008033,1.939460879,19.38198539,34.57932616,1.01530539,2.112082532,21.10603949,37.68037141,14.00261503,29.12609378,291.1014297,520.1621972,14274.44631,29680.15481,296635.9952,530586.2894,793.0396442,1649.722398,16486.34332,29437.74196,34.64125018,72.05412338,720.103014,1286.440913
153,0.563560786,0.254204326,0.745269643,6.044425682,1.804065836,0.805656482,2.328243335,19.3817614,4.081491771,1.837415937,5.269450804,46.41835059,4853.897026,2189.285742,6833.539231,43859.45857,134.3955015,60.98793067,190.3002726,1215.529143,18.80295476,8.55334984,25.5099701,179.0626303
154,1.813625906,0.419210852,2.562831554,1.948709349,3.181777233,0.734315692,4.345517434,3.526432466,8.917384885,1.999763258,12.88914492,8.688272323,8631.517365,2029.122751,12201.08519,10606.98271,316.8450536,72.82340645,509.5234847,347.5583996,128.1015578,30.00481941,185.7960552,129.3743508
155,1.50061802,0.312651711,2.369058244,0.606630903,4.95539256,1.032432033,7.824324301,2.003536045,22.66945672,4.722942882,35.80247124,9.167814343,7616.897846,1587.04881,12019.76946,3077.80005,293.5786351,61.16503491,463.5894704,118.70933,133.4939726,27.8129692,210.7708059,53.97097844
156,12.16389084,4.588104959,7.407893196,5.900806782,17.30831247,6.422917874,10.65006174,8.198400871,76.00038775,28.84303375,46.22657342,37.21812084,57088.76904,21681.84848,34593.76271,27985.43576,1642.005709,619.3176481,1014.346815,798.2837569,286.7359723,110.2144875,172.885976,143.706742
157,11.97651449,4.804565022,6.780833337,7.415404717,16.4635789,6.601891187,9.403660839,10.3040385,75.59216611,30.37542497,42.72285852,46.89425742,57525.90423,23138.9466,32344.00516,35602.11738,1611.190295,645.2673848,908.9007113,990.3831526,294.3676871,119.5469527,166.0955871,187.6058979
158,6.186894385,1.581802683,5.639145973,2.243602337,7.925934664,2.028172562,7.241583939,2.879976222,34.12438751,8.762736473,31.10662317,12.46624226,28143.64363,7225.828833,25698.3771,10282.34518,783.4298075,200.7204772,716.354566,285.3616941,198.8155915,50.40505742,181.2844683,71.0814387
159,9.76787802,3.660899609,6.913241104,5.448152974,13.55954805,5.112491735,9.581817684,7.713947217,60.90160707,22.76839021,42.86036209,33.57120431,45559.16489,17067.21661,32169.02171,25533.98906,1292.217224,485.136195,912.4748556,727.0528971,238.4178108,89.11281788,169.4174314,131.9088257
160,1.555169024,0.442735637,1.360564465,2.416015723,4.985335013,1.41482635,4.357804944,7.55435112,10.48190143,2.969925502,9.239861176,16.06429454,8600.315522,2432.294911,7683.064181,12920.32805,232.565297,65.3376913,211.9916898,360.6300127,94.47030789,26.78133262,82.52480136,143.220535
161,0.774225122,0.362325631,2.233950037,0.722576847,1.407054589,0.657862806,4.088769167,1.313039534,4.630590456,2.175174349,13.62091928,4.387173074,2664.93791,1240.21809,7290.522679,2408.210487,71.9184978,33.49692651,195.4682244,65.0171438,18.59772997,8.682693253,52.89333906,17.17801411
162,0.207276162,0.232124128,1.157598357,7.65127337,0.804448726,0.952186023,4.672537959,36.57474877,1.440415094,1.601543011,7.923948892,52.54040501,7340.237186,9014.092837,43653.94808,372692.6985,80.80858006,98.68406956,479.5540781,3983.77392,5.214464823,5.854165323,29.70260632,181.8345794
163,4.93285324,1.469756274,16.86797184,2.035469366,5.467811935,1.615381588,19.97909916,2.261215544,53.65846023,16.01213755,180.906609,22.12646198,25995.93342,7720.459086,91534.7736,10744.23018,815.8715249,242.6236696,2837.363384,336.9938789,165.5851105,49.30658429,568.6940828,68.32702926
164,20.91128278,26.32928969,13.12188461,348.4896518,1.017164883,1.065657306,0.686571773,12.96081061,154.7668461,195.7724321,98.07257827,2563.046992,112126.9124,142258.4944,71583.9101,1843315.025,3197.153873,4056.136073,2042.812863,52598.78916,21.88870234,21.73714446,14.61618875,250.5666168
165,3.372850787,1.896759411,7.929393919,16.31506632,11.12826845,3.095355853,10.00409596,14.37610418,12.16902172,3.947675178,17.65780599,22.75733502,67106.9495,16257.29724,75761.33691,44187.4573,1423.916544,346.4416284,1657.698459,1019.361512,446.111204,134.1389633,447.4893498,610.8081382
166,1.743728919,2.946405535,8.048589609,21.87270207,5.642653148,3.364558129,7.826691634,18.3404856,7.090676822,10.27905838,20.3462193,46.10253193,6877.318103,10061.26981,19457.89553,44357.15752,322.9014169,465.0957228,847.0520646,1816.793799,131.8524485,112.8605517,261.0258527,654.1559976
167,1.323975417,0.317772857,0.559059658,0.455241789,3.336552011,0.816564318,1.395185429,1.19014602,5.709214654,1.397329797,2.388103922,2.040068082,7409.417527,1811.700127,3105.328269,2637.590085,212.6054338,52.07794271,88.9782024,76.06066085,100.4919578,24.55932051,41.97928579,35.79725417
168,4.666832656,1.867128173,4.779239986,2.853582894,5.589517789,2.245895304,5.766239589,3.435020249,18.21115841,7.191890645,18.62076846,10.96469823,12242.38909,4949.249457,12718.26415,7544.956849,455.8618671,183.1886313,468.6816576,279.8436237,248.2491635,100.8710165,256.7083538,154.7580283
169,1.138642233,0.409600621,1.281273077,2.854591715,3.231874424,1.155458823,3.601087906,8.146428131,5.669842854,2.05856361,6.425828896,14.13353094,7388.279832,2751.03905,8586.393834,18821.29267,210.3547542,77.86859841,244.2698859,528.7653924,96.11611086,33.57023115,104.9774235,234.8941162
170,3.288695422,1.108464009,13.26362321,9.637109354,7.214231961,1.07441865,4.210359264,2.883352377,15.36370522,2.368763151,10.65804459,7.756308957,3755.448398,953.2209769,8586.181478,4730.920782,88.67183561,21.87298944,185.0067072,87.94218501,103.1417376,17.73455272,95.60193314,52.87839606
171,8.370972003,24.61497791,60.83917065,186.986093,1.544836003,4.542864209,11.22762808,34.509046,4.960923998,14.59097358,36.05476882,110.8323866,3090.698624,9111.996847,22458.47028,69168.24583,45.713304,134.692624,332.1888648,1022.606162,26.033676,76.7281821,189.1773759,582.4873423
172,5.107337593,3.067139099,81.98781031,168.2774099,1.95881011,0.99084644,33.31058526,65.74366128,14.22861301,6.51014454,248.9118916,471.2336964,11008.57717,5004.98865,192382.3334,369580.4853,786.8106753,334.3111066,14020.68883,26383.14636,54.78522077,25.80160304,949.8210874,1861.704759
173,3.925909801,2.047880253,9.11748861,48.27632352,2.936660536,1.640012151,7.345336825,32.92604357,26.45104593,13.76480899,62.08243815,320.4023573,43467.18888,22782.53063,100271.2071,544510.4935,2114.437865,1081.424658,4821.089626,26642.39598,42.37499937,23.66931771,109.6690605,440.4635825
174,1.441797077,2.341530735,113.5814011,16.42110696,0.518395363,0.69584305,32.42012311,6.699361392,5.668575343,7.882317016,369.993992,71.82696571,9387.363547,12477.67347,579957.5226,121945.6702,474.1513327,626.6717013,29095.69131,6179.02488,5.23050381,6.150732408,277.0735217,72.312839
175,3.411126114,1.436020058,9.721274951,64.99689771,2.488023662,1.004569966,6.390458296,44.6561096,22.40058397,9.529666689,64.71980614,430.5320461,38578.81926,15977.24579,107820.4472,726463.309,1869.556847,780.1869756,5318.148577,35603.52221,31.38532461,12.75905651,81.80008633,567.9456111
176,16.29497359,5.201454772,8.801846589,6.620458569,18.96872234,6.017694517,10.13989925,7.649685522,55.20656814,17.57770469,29.69837435,22.3633614,33023.84305,10412.68784,17656.5577,13366.37605,1549.242511,488.8903477,825.0958138,624.3006824,1025.064955,322.3031229,539.9680781,409.1992176
177,10.41258147,5.953092734,4.832165445,13.16493867,4.747958369,2.707115117,2.2147724,5.940112518,57.76319111,33.18021711,26.79252088,72.59103696,13113.2553,7266.066107,6110.937881,17616.40018,1360.675371,757.1832836,630.7933063,1853.086057,103.6109714,58.94269157,48.67126623,129.2113351
178,6.505734658,4.260376392,5.108375057,9.979379754,3.360536633,2.111291044,2.759833206,4.888973303,35.13801747,22.54104854,28.35621254,52.4932901,12596.0774,8910.711595,8860.457531,21297.67757,1074.929426,795.7034135,708.7519763,1922.388982,76.49048046,47.90868462,62.82019457,110.8596844
179,5.8495493,1.552119489,5.598532592,2.217681047,7.839798643,2.081232287,7.562765226,2.972854805,33.48887201,8.906437847,32.31890844,12.72100358,27457.92351,7308.348269,26694.09966,10430.76337,779.4442136,207.0235091,754.3742709,295.7031156,178.271733,47.09051992,168.600234,67.33268015
180,7.737124814,5.535570319,15.49815435,8.889205002,11.04638827,7.90325832,22.12691473,12.69135131,8.490628,6.074313868,17.00741581,9.754133895,2672.638691,1912.242745,5353.504762,3070.903818,74.28052877,53.13137596,148.7868627,85.31498385,146.229889,104.6197436,292.9110873,168.0016394
181,2.223782583,0.4295585,4.023549409,0.74248302,3.07293,0.594800911,5.582912383,1.032874582,11.52211762,2.221788513,20.76202819,3.818351322,9510.628867,1851.93723,17392.69618,3239.871902,514.0502987,99.63099012,933.0561315,172.7529346,108.7454475,21.11881645,200.2676726,37.26657114
182,0.851167274,0.344747345,1.242904547,4.523646813,2.371923045,0.969474476,3.68161403,13.15197755,5.415048953,2.17323342,7.782016536,27.81144133,8694.920464,3585.2728,13792.6308,48354.04927,248.6501555,100.0209999,359.3621723,1340.680334,36.03072702,16.39913971,80.68492513,168.8578326
183,1.087264404,1.292242002,3.562839222,5.494769868,1.979015256,2.35637203,6.460835632,10.07205762,6.153635044,7.34300234,19.92965725,31.7455719,2670.49205,3194.765731,8605.121826,13920.49416,289.2642604,345.7900002,931.6326003,1507.069258,156.0862406,184.8052614,517.6618328,772.0036255
184,0.893107838,2.32007257,3.676490249,6.03048533,0.873694846,1.951941507,3.653078411,4.891940008,2.753377991,6.056867133,12.80041622,17.38228461,685.684425,2055.868897,3685.975899,4983.884507,50.47613663,119.8783384,235.1682883,351.2075063,38.29720476,94.84332633,205.0147943,335.0920798
185,0.496019817,0.794417069,11.65939405,31.1668971,1.023812544,1.567392758,8.738902368,23.57011471,3.602947614,5.707726564,52.78029043,141.8564097,3004.152486,4342.281208,34974.43157,98537.15248,196.3660236,312.4061202,3220.266649,8647.977068,19.00707799,29.36071527,234.5656019,627.1391833
186,1.646014947,0.766898995,1.987146265,11.58703435,3.814946261,1.451972936,3.799860999,24.8451069,11.09912453,4.873650644,12.938554,76.02223559,13985.70508,5735.620544,18625.76779,101651.1923,500.9899481,196.9505953,700.2719948,3546.636711,40.47192561,15.22155898,39.98361161,259.1050041
187,7.83470288,4.614566327,12.92742727,9.76058331,15.15967888,8.921030734,24.88699608,19.65601508,96.66471189,57.67327397,160.0313295,118.2844626,20838.93658,11943.68732,33770.69494,29275.17611,844.7613338,490.561503,1380.177349,1129.649271,303.1126838,178.8443503,501.0576884,376.9769129
188,1.009127945,3.774241392,4.083186364,13.39116933,0.992293889,3.355186732,3.77424239,11.81838206,2.568620746,6.660618036,9.228397575,23.3530696,11379.19348,44369.58773,47337.75916,157629.4942,269.9605127,950.6533713,1098.877048,3366.872963,16.6553934,47.22537016,56.81068655,164.2386032
189,1.877448378,0.48579965,5.396654176,1.064139409,2.395599504,0.623239958,6.931834315,1.373328769,9.037613948,2.338907062,26.13007608,5.278933654,9002.760913,2352.573864,26490.83273,5281.567432,487.885532,125.8062203,1406.82448,289.2280839,87.80619553,22.45740434,236.714504,47.13239913
190,7.10186367,3.380397945,10.84177219,5.998883698,14.10315367,6.712400264,21.46076373,11.942608,91.04132639,43.27203463,134.9883474,76.66648214,17743.36035,8465.169564,29161.77882,15321.27811,727.7406384,346.5897216,1145.079724,620.7420563,281.133379,133.8397743,424.3145145,236.6685663
191,3.241715,5.180194958,24.40202375,64.04604105,3.44723,5.508603768,25.9490388,68.1063678,3.8288125,6.11836488,28.82140273,75.64523179,12006.4285,19186.02973,90378.44267,237209.0737,349.2011275,558.0163339,2628.613005,6899.110424,75.101395,120.0105092,565.3260772,1483.766163
192,2.596662555,1.985822127,46.13098102,135.5696548,2.968536573,1.520867774,61.33341469,192.8274443,13.64931655,6.318259918,283.7133905,849.3132257,15682.25204,7334.324809,330884.7688,1015853.351,949.7015982,415.7443156,20183.20796,61580.81053,80.79864532,39.17183483,1692.549194,5293.263999
193,1.851685668,0.464976921,159.7330435,239.2445243,2.153669373,0.539468561,198.8930807,293.6407945,17.23021813,4.329213417,1583.020377,2375.646554,11123.74633,2786.450839,1090050.352,1609149.245,1202.390047,302.0806352,114836.0517,172117.3798,73.75056324,18.48887582,6031.645261,8954.415096
194,3.661397214,0.424540692,,0.375293972,19.46126711,2.25705277,,1.995234649,88.05763412,10.21426267,,9.0294082,1279.489583,148.5348914,,131.304844,23.19377139,2.689366169,,2.377399694,623.5043686,72.32696883,,63.93704044
195,1.934424113,0.324077422,0.911359449,0.379434763,10.97975301,1.839014724,5.170353686,2.153249967,49.43456512,8.282634848,23.29427344,9.696641034,812.8472519,135.33197,380.5862211,159.9296713,14.26395734,2.382404395,6.682358108,2.806687422,357.7331151,59.92653414,168.1767671,70.11519745
196,0.971203478,1.289329982,2.400975676,6.795925173,2.082797162,2.752130483,5.138556214,14.52116899,4.068735271,5.394090197,10.04521854,28.44248307,7993.130957,10685.37255,19800.29441,56392.66755,157.235026,208.9826128,388.7750307,1103.072777,10.93874663,14.46283093,26.95374303,76.46808671
197,17.62104352,1510.962998,4257.812459,14838.52721,23.65968258,2023.699474,5790.33429,19871.20991,66.70887755,5851.853152,16591.34206,57476.37022,2563.342054,49968.35577,250821.7116,576684.8729,62.43539688,1624.488021,6359.465017,17381.98659,2573.813742,216268.2405,601399.5941,2123697.233
198,1.020865457,0.542509765,0.614694183,0.846948018,3.034817173,2.129853258,2.161063253,3.681934503,5.546511617,3.563609642,3.735631916,6.055815538,1032.445943,472.5427813,476.9217543,997.2983739,31.18334196,14.2920151,14.22967075,30.22803734,31.93161775,20.35056724,21.35240838,34.86373379
199,2.609794212,2.378889224,16.75410652,108.4686028,1.667763273,1.352345232,8.800690834,54.86900725,10.31409548,8.86253877,60.59022234,389.0554489,9008.075734,7985.723251,55554.01899,361418.3636,494.9507034,464.8460888,3393.176087,22445.06701,26.75075783,21.06981643,136.4037999,871.8987222
200,2.271515456,11.72807897,28.67293148,100.3294298,0.889018343,4.59135205,11.22924966,39.17207894,6.023792183,31.10129781,76.03423172,266.1231929,4959.105278,25583.60052,62542.06672,218981.5557,291.6650237,1505.696181,3680.778244,12889.65966,5.929593678,30.62658239,74.89760185,261.4706666
201,0.948583667,0.393647572,1.260450871,1.6583478,2.256112806,0.979229005,2.979443301,4.106023939,5.00320215,2.124035013,6.618919453,9.129647528,8711.003174,3648.956959,11466.41393,15621.26763,231.8360278,98.88137842,308.7261464,423.5342446,40.10366479,16.15572441,52.84335398,68.33468976
202,13.07535491,9.969608077,4.972585727,105.1136322,5.521839814,4.194251006,2.167108028,44.05802891,61.55072599,46.88463729,23.42506274,492.8476816,38556.18244,29350.90942,14961.74998,308293.4991,3771.402306,2878.041456,1433.445564,30475.4658,121.0597326,92.00106212,47.35993555,960.169254
203,1.948103649,1.176188201,3.801189088,3.197555603,2.046217394,1.269905558,4.094788791,3.647415327,9.8024241,5.923387217,19.13176341,16.04053089,10612.18494,6462.250008,20877.31511,17948.04363,293.8913808,179.7528666,580.679489,505.2176014,54.187524,33.40549785,107.7460251,94.45872329
204,3.37614065,2.679670932,7.518774746,4.711538665,4.149298442,3.312006556,9.243875095,5.829421921,11.85133039,9.447213468,26.53631947,16.66859934,11075.30218,8836.892469,25652.57537,15649.10326,382.9941138,304.5756237,867.2360163,537.6428427,187.728745,147.7141352,408.0077563,256.8337155
205,1.429290817,1.055960549,2.650216667,4.426812726,3.4693256,2.562832679,6.433700275,10.73781474,6.719541133,4.963710986,12.46186834,20.79228359,5549.590148,4099.408321,10292.63593,17168.46324,152.4829968,112.6341941,282.8190837,471.6346149,165.9837198,122.6599223,307.6662771,514.9501951
206,1.309165034,1.333769651,4.657265943,3.362612832,2.27506398,2.292283374,7.545032783,6.004388859,7.350095032,7.390412552,24.92776728,20.28381281,13161.3997,13735.80145,51474.00793,37437.47198,374.7971273,375.3756724,1274.444064,1125.664105,43.36592469,44.00961306,152.354758,100.6301003
207,5.23297572,1.891634806,3.773106005,3.919468307,6.520732043,2.381732504,4.769522185,4.998370743,20.0536206,7.520708908,15.25935559,16.16905148,14237.87038,5440.252959,11389.4143,12249.08867,579.2531133,215.2821383,444.0657262,466.740381,307.7756232,108.1809401,210.1506913,214.3899294
208,2.416307779,0.409580236,1.725508119,0.492456329,11.87585183,1.924057074,7.828816188,2.092320402,18.74297968,3.047816766,12.35029425,3.332894033,160556.4361,26311.92941,103323.5137,28606.84319,3458.072291,563.9028451,2236.256141,612.1172095,260.9751143,42.37956894,171.372416,46.08916874
209,0.96940275,2.464087408,16.33579872,22.11001672,1.0098785,2.61677099,17.23233368,22.87431074,13.1226165,34.74647366,227.4161644,294.6830625,13528.74741,35695.62091,233327.9589,304187.0312,743.3134685,1971.260276,12903.76153,16688.28531,33.58731275,87.819304,576.6438452,757.9832294
210,1.722880827,14.62311119,249.8890355,332.390402,4.333115946,15.57556689,252.024497,271.1970303,4.642553933,36.80411821,645.6532119,624.5172531,1925.669324,10997.46737,177750.3978,228692.3723,93.53537938,688.7747275,12616.80705,7647.301258,87.03381755,372.0458955,6062.107987,5642.79016
211,3.111810731,3.986662475,8.365670482,33.62035616,3.209720997,4.120987198,8.58625266,34.33354059,9.961395655,12.64963318,27.76340325,104.6380465,6595.917073,8260.594268,19312.44131,67305.92413,311.7499472,388.0150908,925.5760559,3137.980452,152.696023,193.2809004,402.3007459,1608.093206
